instance;n_test;pop_size;gen_no_improve;mutating_move;mutating_factor;elite_size;max_generation;top_solution;elite_mean;total_time_sec;solution_time;timestamp
1-10_dots;test-0;25;350;1;10;10;356;264,7168;269,5;20,10339879989624;0,7475073337554932;2023-11-27 21:46:42,965397
1-10_dots;test-0;25;350;1;10;10;357;264,7168;269,5;20,737432718276978;0,8238570690155029;2023-11-27 21:55:36,142955
1-10_dots;test-0_pop100;100;100;5;10;10;135;264,7168;269,5;9,630513906478882;2,65384840965271;2023-11-11 20:37:59,853555
1-10_dots;test-0_pop25;25;100;1;10;10;109;264,7168;269,5;2,511915445327759;0,5099897384643555;2023-11-11 20:35:32,643677
1-10_dots;test-0_pop25;25;50;1;10;10;66;264,7168;269,5;1,490356206893921;0,5318272113800049;2023-11-11 21:12:37,977357
1-10_dots;test-0_pop25;25;100;1;10;10;117;264,7168;269,5;2,522688150405884;0,4595351219177246;2023-11-11 21:12:54,021212
1-10_dots;test-0_pop25;25;500;1;10;10;503;264,7168;269,5;11,441666603088379;0,2017655372619629;2023-11-11 21:13:28,286209
1-10_dots;test-0_pop25;25;100;1;10;10;104;264,7168;269,5;2,1876418590545654;0,20334959030151367;2023-11-11 21:15:10,167930
1-10_dots;test-0_pop25;25;50;1;10;10;52;264,7168;269,5;1,2004401683807373;0,21782612800598145;2023-11-11 21:35:00,054561
1-10_dots;test-0_pop25;25;150;1;10;10;155;264,7168;269,5;3,456360340118408;0,2258892059326172;2023-11-11 21:35:09,508337
1-10_dots;test-0_pop25;25;350;1;10;10;355;264,7168;269,5;7,817419767379761;0,21770954132080078;2023-11-11 21:35:32,981424
1-10_dots;test-0_pop25;25;450;1;10;10;455;264,7168;269,5;8,151413440704346;0,18216776847839355;2023-11-11 21:36:11,114447
1-10_dots;test-0_pop25;25;600;1;10;10;610;264,7168;269,5;10,731338024139404;0,27332210540771484;2023-11-11 21:36:54,947683
1-10_dots;test-0_pop50;50;100;2;10;10;113;264,7168;269,5;4,491837501525879;0,6180815696716309;2023-11-11 20:36:00,517297
1-10_dots;test-0_pop75;75;100;3;10;10;129;264,7168;269,62;6,438756227493286;1,5185744762420654;2023-11-11 20:36:52,409915
1-10_dots;test-1;25;350;1;10;10;353;264,7168;269,5;19,48515248298645;0,5036571025848389;2023-11-27 21:47:02,775832
1-10_dots;test-1_pop100;100;100;5;10;10;162;264,7168;269,5;11,555447340011597;4,48466944694519;2023-11-11 20:38:11,524229
1-10_dots;test-1_pop25;25;100;1;10;10;113;264,7168;269,5;2,54046368598938;0,46341776847839355;2023-11-11 20:35:35,328371
1-10_dots;test-1_pop25;25;50;1;10;10;55;264,7168;269,5;1,3632819652557373;0,241013765335083;2023-11-11 21:12:39,457346
1-10_dots;test-1_pop25;25;100;1;10;10;105;264,7168;269,5;2,2741363048553467;0,2113206386566162;2023-11-11 21:12:56,408210
1-10_dots;test-1_pop25;25;500;1;10;10;501;264,7168;269,5;10,64097285270691;0,14730072021484375;2023-11-11 21:13:39,048317
1-10_dots;test-1_pop25;25;100;1;10;10;124;264,7168;269,5;3,085988759994507;0,6392536163330078;2023-11-11 21:15:13,367870
1-10_dots;test-1_pop25;25;50;1;10;10;55;264,7168;269,5;1,1545965671539307;0,2161266803741455;2023-11-11 21:35:01,319756
1-10_dots;test-1_pop25;25;150;1;10;10;168;264,7168;269,5;3,7314043045043945;0,5080327987670898;2023-11-11 21:35:13,360653
1-10_dots;test-1_pop25;25;350;1;10;10;354;264,7168;269,5;7,954754590988159;0,19811153411865234;2023-11-11 21:35:41,055294
1-10_dots;test-1_pop25;25;450;1;10;10;452;264,7168;269,5;8,310578346252441;0,12422680854797363;2023-11-11 21:36:19,523764
1-10_dots;test-1_pop25;25;600;1;10;10;602;264,7168;269,5;10,78053593635559;0,12336611747741699;2023-11-11 21:37:05,825691
1-10_dots;test-1_pop50;50;100;2;10;10;107;264,7168;269,5;4,196488857269287;0,41312265396118164;2023-11-11 20:36:04,841685
1-10_dots;test-1_pop75;75;100;3;10;10;104;264,7168;269,65;5,208048343658447;0,3328235149383545;2023-11-11 20:36:57,735827
1-10_dots;test-2;25;350;1;10;10;352;264,7168;269,5;19,38650631904602;0,4090750217437744;2023-11-27 21:47:22,493252
1-10_dots;test-2_pop100;100;100;5;10;10;107;264,7168;270,93;8,189747333526611;0,6672053337097168;2023-11-11 20:38:19,829082
1-10_dots;test-2_pop25;25;100;1;10;10;103;264,7168;269,5;2,2494235038757324;0,17934513092041016;2023-11-11 20:35:37,723249
1-10_dots;test-2_pop25;25;50;1;10;10;52;264,7168;269,5;1,1782619953155518;0,19269323348999023;2023-11-11 21:12:40,776438
1-10_dots;test-2_pop25;25;100;1;10;10;110;264,7168;269,5;2,5233843326568604;0,34674668312072754;2023-11-11 21:12:59,054904
1-10_dots;test-2_pop25;25;500;1;10;10;509;264,7168;269,5;11,093849658966064;0,3053865432739258;2023-11-11 21:13:50,261827
1-10_dots;test-2_pop25;25;100;1;10;10;120;264,7168;269,5;2,6422107219696045;0,5524470806121826;2023-11-11 21:15:16,129315
1-10_dots;test-2_pop25;25;50;1;10;10;73;264,7168;269,5;1,6850757598876953;0,6214931011199951;2023-11-11 21:35:03,123034
1-10_dots;test-2_pop25;25;150;1;10;10;178;264,7168;269,5;3,8687779903411865;0,7516639232635498;2023-11-11 21:35:17,346906
1-10_dots;test-2_pop25;25;350;1;10;10;354;264,7168;269,5;8,13025975227356;0,19675898551940918;2023-11-11 21:35:49,304493
1-10_dots;test-2_pop25;25;450;1;10;10;454;264,7168;269,5;8,109840869903564;0,16361570358276367;2023-11-11 21:36:27,730504
1-10_dots;test-2_pop25;25;600;1;10;10;619;264,7168;269,5;12,48615026473999;0,43550586700439453;2023-11-11 21:37:18,409881
1-10_dots;test-2_pop50;50;100;2;10;10;106;264,7168;269,5;4,143593072891235;0,3604283332824707;2023-11-11 20:36:09,102533
1-10_dots;test-2_pop75;75;100;3;10;10;152;264,7168;269,62;7,396337270736694;2,632270574569702;2023-11-11 20:37:05,244873
1-10_dots;test-3;25;350;1;10;10;363;264,7168;269,5;20,41615915298462;0,9784238338470459;2023-11-27 21:47:43,177858
1-10_dots;test-3_pop100;100;100;5;10;10;104;264,7168;270,1;8,949428796768188;0,3792755603790283;2023-11-11 20:38:28,894782
1-10_dots;test-3_pop25;25;100;1;10;10;104;264,7168;269,5;2,3964903354644775;0,20813679695129395;2023-11-11 20:35:40,239250
1-10_dots;test-3_pop25;25;50;1;10;10;53;264,7168;269,61;1,2746539115905762;0,17349886894226074;2023-11-11 21:12:42,174391
1-10_dots;test-3_pop25;25;100;1;10;10;104;264,7168;269,5;2,314887046813965;0,2102494239807129;2023-11-11 21:13:01,489697
1-10_dots;test-3_pop25;25;500;1;10;10;508;264,7168;269,5;10,85170316696167;0,2838418483734131;2023-11-11 21:14:01,239129
1-10_dots;test-3_pop25;25;100;1;10;10;118;264,7168;269,5;2,508794069290161;0,5201666355133057;2023-11-11 21:15:18,753307
1-10_dots;test-3_pop25;25;50;1;10;10;51;264,7168;269,5;1,3192176818847656;0,164017915725708;2023-11-11 21:35:04,568473
1-10_dots;test-3_pop25;25;150;1;10;10;169;264,7168;269,61;3,813777208328247;0,5473794937133789;2023-11-11 21:35:21,279676
1-10_dots;test-3_pop25;25;350;1;10;10;358;264,7168;269,5;7,119781732559204;0,2965574264526367;2023-11-11 21:35:56,544535
1-10_dots;test-3_pop25;25;450;1;10;10;452;264,7168;269,5;8,001965999603271;0,15380430221557617;2023-11-11 21:36:35,842500
1-10_dots;test-3_pop25;25;600;1;10;10;609;264,7168;269,5;12,475837230682373;0,5562269687652588;2023-11-11 21:37:31,203919
1-10_dots;test-3_pop50;50;100;2;10;10;156;264,7168;269,5;6,149821758270264;2,276371955871582;2023-11-11 20:36:15,367722
1-10_dots;test-3_pop75;75;100;3;10;10;148;264,7168;269,66;7,333561420440674;2,473069190979004;2023-11-11 20:37:12,701197
1-10_dots;test-4;25;350;1;10;10;392;264,7168;269,5;21,892221212387085;2,7984890937805176;2023-11-27 21:48:05,470341
1-10_dots;test-4_pop100;100;100;5;10;10;133;264,7168;270,32;10,152592182159424;2,544663906097412;2023-11-11 20:38:39,160310
1-10_dots;test-4_pop25;25;100;1;10;10;126;264,7168;269,5;2,8297553062438965;0,7398138046264648;2023-11-11 20:35:43,193266
1-10_dots;test-4_pop25;25;50;1;10;10;80;264,7168;269,5;1,7904326915740967;0,8214132785797119;2023-11-11 21:12:44,094918
1-10_dots;test-4_pop25;25;100;1;10;10;102;264,7168;269,5;2,267103433609009;0,1551363468170166;2023-11-11 21:13:03,875048
1-10_dots;test-4_pop25;25;500;1;10;10;504;264,7168;269,5;10,951341390609741;0,18848037719726562;2023-11-11 21:14:12,307096
1-10_dots;test-4_pop25;25;100;1;10;10;104;264,7168;269,5;2,1837503910064697;0,20956730842590332;2023-11-11 21:15:21,052935
1-10_dots;test-4_pop25;25;50;1;10;10;58;264,7168;269,5;1,2428803443908691;0,28252410888671875;2023-11-11 21:35:05,928186
1-10_dots;test-4_pop25;25;150;1;10;10;170;264,7168;269,5;3,6460354328155518;0,5787458419799805;2023-11-11 21:35:25,044759
1-10_dots;test-4_pop25;25;350;1;10;10;353;264,7168;269,5;6,220681190490723;0,1439816951751709;2023-11-11 21:36:02,866830
1-10_dots;test-4_pop25;25;450;1;10;10;457;264,7168;269,5;8,181342124938965;0,20656037330627441;2023-11-11 21:36:44,119953
1-10_dots;test-4_pop25;25;600;1;10;10;605;264,7168;269,5;10,826459646224976;0,18205046653747559;2023-11-11 21:37:42,132024
1-10_dots;test-4_pop50;50;100;2;10;10;143;264,7168;269,5;5,820235252380371;1,794069766998291;2023-11-11 20:36:21,300905
1-10_dots;test-4_pop75;75;100;3;10;10;109;264,7168;269,62;6,078705549240112;0,5657598972320557;2023-11-11 20:37:18,906429
1-10_dots;test-5;25;350;1;10;10;352;264,7168;269,5;19,805370569229126;0,5200097560882568;2023-11-27 21:48:25,647492
1-10_dots;test-5_pop100;100;100;5;10;10;112;264,7168;269,5;8,435705423355103;1,0430166721343994;2023-11-11 20:38:47,713988
1-10_dots;test-5_pop25;25;100;1;10;10;106;264,7168;269,5;2,2828457355499268;0,2546353340148926;2023-11-11 20:35:45,597806
1-10_dots;test-5_pop25;25;50;1;10;10;56;264,7168;269,5;1,2995500564575195;0,264113187789917;2023-11-11 21:12:45,511017
1-10_dots;test-5_pop25;25;100;1;10;10;106;264,7168;269,5;2,3727221488952637;0,26120686531066895;2023-11-11 21:13:06,364247
1-10_dots;test-5_pop25;25;500;1;10;10;517;264,7168;269,5;10,946373701095581;0,4830465316772461;2023-11-11 21:14:23,370003
1-10_dots;test-5_pop25;25;100;1;10;10;117;264,7168;269,5;2,8762366771698;0,49504876136779785;2023-11-11 21:15:24,048943
1-10_dots;test-5_pop50;50;100;2;10;10;114;264,7168;269,5;4,482962131500244;0,6995851993560791;2023-11-11 20:36:25,912806
1-10_dots;test-5_pop75;75;100;3;10;10;126;264,7168;269,5;6,543745040893555;1,3922336101531982;2023-11-11 20:37:25,566125
1-10_dots;test-6;25;350;1;10;10;351;264,7168;269,5;19,828042030334473;0,44846010208129883;2023-11-27 21:48:45,855592
1-10_dots;test-6_pop100;100;100;5;10;10;118;264,7168;269,64;9,642046451568604;1,418736457824707;2023-11-11 20:38:57,471937
1-10_dots;test-6_pop25;25;100;1;10;10;105;264,7168;269,5;2,2022976875305176;0,20474696159362793;2023-11-11 20:35:47,911195
1-10_dots;test-6_pop25;25;50;1;10;10;59;264,7168;269,64;1,3605742454528809;0,30840039253234863;2023-11-11 21:12:46,995431
1-10_dots;test-6_pop25;25;100;1;10;10;102;264,7168;269,5;2,442241907119751;0,16340923309326172;2023-11-11 21:13:08,928371
1-10_dots;test-6_pop25;25;500;1;10;10;508;264,7168;269,5;10,820730209350586;0,28884029388427734;2023-11-11 21:14:34,308466
1-10_dots;test-6_pop25;25;100;1;10;10;116;264,7168;269,61;2,6119885444641113;0,5029616355895996;2023-11-11 21:15:26,785444
1-10_dots;test-6_pop50;50;100;2;10;10;131;264,7168;269,5;5,0892860889434814;1,255840539932251;2023-11-11 20:36:31,115324
1-10_dots;test-6_pop75;75;100;3;10;10;126;264,7168;270,09;6,5010459423065186;1,3826723098754883;2023-11-11 20:37:32,188118
1-10_dots;test-7;25;350;1;10;10;354;264,7168;269,5;18,600725173950195;0,5014245510101318;2023-11-27 21:49:04,741099
1-10_dots;test-7_pop100;100;100;5;10;10;124;264,7168;269,68;9,075533151626587;1,7701854705810547;2023-11-11 20:39:06,670479
1-10_dots;test-7_pop25;25;100;1;10;10;133;264,7168;269,5;2,8410391807556152;0,8199982643127441;2023-11-11 20:35:50,859461
1-10_dots;test-7_pop25;25;50;1;10;10;67;264,7168;269,5;1,5660295486450195;0,5388236045837402;2023-11-11 21:12:48,689139
1-10_dots;test-7_pop25;25;100;1;10;10;104;264,7168;269,5;2,5506985187530518;0,24246573448181152;2023-11-11 21:13:11,612711
1-10_dots;test-7_pop25;25;500;1;10;10;507;264,7168;269,5;10,767150640487671;0,2572181224822998;2023-11-11 21:14:45,196762
1-10_dots;test-7_pop25;25;100;1;10;10;121;264,7168;269,5;2,7375118732452393;0,5921001434326172;2023-11-11 21:15:29,658581
1-10_dots;test-7_pop50;50;100;2;10;10;146;264,7168;269,5;5,787360429763794;1,904724359512329;2023-11-11 20:36:37,016696
1-10_dots;test-7_pop75;75;100;3;10;10;101;264,7168;269,94;4,782719373703003;0,16635394096374512;2023-11-11 20:37:37,084146
1-10_dots;test-8;25;350;1;10;10;381;264,7168;269,5;17,784489631652832;1,7067301273345947;2023-11-27 21:49:22,785983
1-10_dots;test-8_pop100;100;100;5;10;10;100;264,7168;269,5;7,5659284591674805;0;2023-11-11 20:39:14,360404
1-10_dots;test-8_pop25;25;100;1;10;10;102;264,7168;269,5;2,196333646774292;0,15454363822937012;2023-11-11 20:35:53,164142
1-10_dots;test-8_pop25;25;50;1;10;10;53;264,7168;269,5;1,177565574645996;0,20224308967590332;2023-11-11 21:12:49,996233
1-10_dots;test-8_pop25;25;100;1;10;10;117;264,7168;269,5;2,556826114654541;0,4731156826019287;2023-11-11 21:13:14,293337
1-10_dots;test-8_pop25;25;500;1;10;10;556;264,7168;269,5;11,78709363937378;1,3224332332611084;2023-11-11 21:14:57,104309
1-10_dots;test-8_pop25;25;100;1;10;10;101;264,7168;269,5;2,372110366821289;0,1512289047241211;2023-11-11 21:15:32,157185
1-10_dots;test-8_pop50;50;100;2;10;10;107;264,7168;269,5;4,343445777893066;0,4050149917602539;2023-11-11 20:36:41,475810
1-10_dots;test-8_pop75;75;100;3;10;10;150;264,7168;269,92;7,233112812042236;2,448941946029663;2023-11-11 20:37:44,431525
1-10_dots;test-9;25;350;1;10;10;353;264,7168;269,5;16,433022499084473;0,3885533809661865;2023-11-27 21:49:39,471536
1-10_dots;test-9_pop100;100;100;5;10;10;127;264,7168;269,85;9,754549264907837;2,0082600116729736;2023-11-11 20:39:24,229879
1-10_dots;test-9_pop25;25;100;1;10;10;121;264,7168;269,5;2,620496988296509;0,5675442218780518;2023-11-11 20:35:55,900752
1-10_dots;test-9_pop25;25;50;1;10;10;53;264,7168;269,5;1,2639191150665283;0,18845772743225098;2023-11-11 21:12:51,381696
1-10_dots;test-9_pop25;25;100;1;10;10;104;264,7168;269,5;2,2975893020629883;0,20492243766784668;2023-11-11 21:13:16,711773
1-10_dots;test-9_pop25;25;500;1;10;10;507;264,7168;269,5;10,63847279548645;0,27192091941833496;2023-11-11 21:15:07,859499
1-10_dots;test-9_pop25;25;100;1;10;10;104;264,7168;269,5;2,3519186973571777;0,20204758644104004;2023-11-11 21:15:34,640100
1-10_dots;test-9_pop50;50;100;2;10;10;103;264,7168;269,5;4,268538236618042;0,21501588821411133;2023-11-11 20:36:45,857585
1-10_dots;test-9_pop75;75;100;3;10;10;110;264,7168;269,84;5,556502819061279;0,6188440322875977;2023-11-11 20:37:50,107610
2-20_dots;test-0;25;350;1;10;10;542;382,2802;387,42;46,963637351989746;19,139735460281372;2023-11-27 22:06:11,972293
2-20_dots;test-0_pop10;25;350;1;10;10;416;382,2802;388,35;15,33838152885437;2,898505210876465;2023-11-11 21:51:55,380622
2-20_dots;test-0_pop10;25;350;1;50;10;456;382,2802;387,37;17,6942036151886;4,559883117675781;2023-11-11 22:25:33,477595
2-20_dots;test-0_pop10;25;350;1;10;10;400;382,2802;387,7;14,04762077331543;2,204970359802246;2023-11-11 22:25:54,879679
2-20_dots;test-0_pop100;100;100;5;10;10;152;387,0301;399,71;20,028611421585083;6,988045692443848;2023-11-11 20:50:44,032551
2-20_dots;test-0_pop15;25;350;1;10;10;406;382,2802;388,15;14,597441673278809;2,370847463607788;2023-11-11 22:27:25,089593
2-20_dots;test-0_pop20;20;100;1;10;10;333;382,2802;389,09;10,61547589302063;8,092068195343018;2023-11-11 21:01:42,715217
2-20_dots;test-0_pop20;20;10;1;10;10;10;439,8229;446,29;0,3561382293701172;0;2023-11-11 21:03:55,928031
2-20_dots;test-0_pop20;20;10;1;10;10;46;387,4483;396,25;1,418661117553711;1,6430268287658691;2023-11-11 21:04:22,440827
2-20_dots;test-0_pop20;25;350;1;20;10;479;382,2802;387,28;19,106127977371216;5,62271523475647;2023-11-11 22:13:31,553270
2-20_dots;test-0_pop25;25;100;1;10;10;218;382,2802;388,85;7,576708078384399;4,63037109375;2023-11-11 20:42:34,940132
2-20_dots;test-0_pop25;25;10;1;10;10;10;439,8229;448,96;0,4174065589904785;0;2023-11-11 21:04:33,128577
2-20_dots;test-0_pop25;25;50;1;10;10;51;422,3448;430,94;1,884610891342163;0,6278548240661621;2023-11-11 21:18:12,578389
2-20_dots;test-0_pop25;25;100;1;10;10;296;382,2802;388,73;10,283652067184448;7,222182989120483;2023-11-11 21:19:06,953337
2-20_dots;test-0_pop25;25;500;1;10;10;808;382,2802;386,99;28,16953444480896;11,090380907058716;2023-11-11 21:20:43,525751
2-20_dots;test-0_pop25;25;100;1;10;10;177;382,2802;388,27;6,724559545516968;3,02445387840271;2023-11-11 21:24:29,039486
2-20_dots;test-0_pop25;25;50;1;10;10;129;387,0301;394,02;5,053961992263794;3,772346019744873;2023-11-11 21:39:26,722665
2-20_dots;test-0_pop25;25;150;1;10;10;205;428,2621;433,16;7,694077491760254;2,5305635929107666;2023-11-11 21:39:54,112208
2-20_dots;test-0_pop25;25;350;1;10;10;681;382,2802;387,22;23,130629301071167;11,85136604309082;2023-11-11 21:40:54,266419
2-20_dots;test-0_pop25;25;450;1;10;10;539;382,2802;386,9;17,89696478843689;3,408634901046753;2023-11-11 21:42:12,625331
2-20_dots;test-0_pop25;25;600;1;10;10;827;382,2802;386,76;28,508814573287964;8,035016536712646;2023-11-11 21:44:00,569973
2-20_dots;test-0_pop30;30;10;1;10;10;11;428,2621;437,66;0,4960360527038574;0,47879695892333984;2023-11-11 21:04:43,676173
2-20_dots;test-0_pop30;25;350;1;30;10;403;382,2802;386,96;17,121099948883057;3,057288646697998;2023-11-11 22:18:25,711497
2-20_dots;test-0_pop50;50;100;2;10;10;251;388,6086;404,62;16,316643238067627;10,154610395431519;2023-11-11 20:43:58,079316
2-20_dots;test-0_pop50;25;350;1;50;10;429;382,2802;388,46;16,27775526046753;3,4100394248962402;2023-11-11 21:54:57,922560
2-20_dots;test-0_pop75;75;100;3;10;10;327;382,2802;390,41;29,571601629257202;20,89827013015747;2023-11-11 20:46:41,165250
2-20_dots;test-0_pop99;25;350;1;99;10;574;382,2802;386,49;23,592605590820312;9,788652420043945;2023-11-11 22:01:39,918370
2-20_dots;test-1_pop10;25;350;1;10;10;647;382,2802;387,91;21,91057515144348;10,133061647415161;2023-11-11 21:52:17,727312
2-20_dots;test-1_pop10;25;350;1;10;10;680;382,2802;388,66;23,847368955612183;12,033782482147217;2023-11-11 22:26:19,200270
2-20_dots;test-1_pop100;100;100;5;10;10;274;406,0884;412,84;35,76685190200806;22,753241300582886;2023-11-11 20:51:20,184197
2-20_dots;test-1_pop20;20;100;1;10;10;190;411,2164;413,39;6,071081638336182;3,3457512855529785;2023-11-11 21:01:49,200892
2-20_dots;test-1_pop20;20;10;1;10;10;10;439,8229;457,36;0,3622398376464844;0;2023-11-11 21:03:56,726730
2-20_dots;test-1_pop20;20;10;1;10;10;28;408,3112;418,83;0,989626407623291;1,030491828918457;2023-11-11 21:04:23,836280
2-20_dots;test-1_pop20;25;350;1;20;10;420;382,2802;387,39;16,135682582855225;3,062483310699463;2023-11-11 22:13:48,100555
2-20_dots;test-1_pop25;25;100;1;10;10;250;382,2802;387,41;8,971477270126343;6,023860931396484;2023-11-11 20:42:44,317338
2-20_dots;test-1_pop25;25;10;1;10;10;13;428,2621;441,18;0,4699409008026123;0,5016095638275146;2023-11-11 21:04:33,991673
2-20_dots;test-1_pop25;25;50;1;10;10;71;428,2621;434,11;2,6787428855895996;1,2825987339019775;2023-11-11 21:18:15,728484
2-20_dots;test-1_pop25;25;100;1;10;10;273;382,2802;388,27;9,583571672439575;6,5359790325164795;2023-11-11 21:19:16,938359
2-20_dots;test-1_pop25;25;500;1;10;10;569;382,2802;387,47;20,00135612487793;2,933051586151123;2023-11-11 21:21:03,934380
2-20_dots;test-1_pop25;25;100;1;10;10;183;382,2802;388,39;6,612371921539307;3,3418033123016357;2023-11-11 21:24:36,073909
2-20_dots;test-1_pop25;25;50;1;10;10;135;428,2621;435,23;5,652403354644775;4,169822692871094;2023-11-11 21:39:32,814323
2-20_dots;test-1_pop25;25;150;1;10;10;324;382,2802;387,95;11,64430570602417;6,369195461273193;2023-11-11 21:40:06,191902
2-20_dots;test-1_pop25;25;350;1;10;10;402;382,2802;388,35;13,459580898284912;2,164379596710205;2023-11-11 21:41:08,100144
2-20_dots;test-1_pop25;25;450;1;10;10;501;382,2802;387,84;16,630754232406616;2,0809669494628906;2023-11-11 21:42:29,629448
2-20_dots;test-1_pop25;25;600;1;10;10;755;382,2802;386,87;25,96617555618286;5,555474281311035;2023-11-11 21:44:26,919102
2-20_dots;test-1_pop30;30;10;1;10;10;10;439,8229;454,85;0,48457813262939453;0;2023-11-11 21:04:44,597386
2-20_dots;test-1_pop30;25;350;1;30;10;400;382,2802;386,95;16,322183847427368;2,4475979804992676;2023-11-11 22:18:42,478683
2-20_dots;test-1_pop50;50;100;2;10;10;154;414,9102;422,83;10,644800901412964;3,906984567642212;2023-11-11 20:44:09,131607
2-20_dots;test-1_pop50;25;350;1;50;10;518;382,2802;387,72;19,471413373947144;6,7478697299957275;2023-11-11 21:55:17,813821
2-20_dots;test-1_pop75;75;100;3;10;10;136;414,9102;426,87;12,837193012237549;3,622002601623535;2023-11-11 20:46:54,411673
2-20_dots;test-1_pop99;25;350;1;99;10;568;382,2802;386,96;25,019345998764038;10,02732539176941;2023-11-11 22:02:05,343165
2-20_dots;test-2_pop10;25;350;1;10;10;587;382,2802;388,53;19,583358764648438;8,257423162460327;2023-11-11 21:52:37,704672
2-20_dots;test-2_pop10;25;350;1;10;10;438;382,2802;387,37;16,58553457260132;3,5807037353515625;2023-11-11 22:26:36,200795
2-20_dots;test-2_pop100;100;100;5;10;10;166;408,3112;420,54;23,590879678726196;9,754826307296753;2023-11-11 20:51:44,147776
2-20_dots;test-2_pop20;20;100;1;10;10;177;382,2802;389,07;5,405370235443115;2,766798257827759;2023-11-11 21:01:55,027691
2-20_dots;test-2_pop20;20;10;1;10;10;10;439,8229;451,8;0,3707756996154785;0;2023-11-11 21:03:57,543545
2-20_dots;test-2_pop20;20;10;1;10;10;10;439,8229;458,6;0,3473935127258301;0;2023-11-11 21:04:24,587233
2-20_dots;test-2_pop20;25;350;1;20;10;483;382,2802;387,37;18,309199810028076;5,392512559890747;2023-11-11 22:14:06,808347
2-20_dots;test-2_pop25;25;100;1;10;10;233;382,2802;387,41;8,265647888183594;5,152472972869873;2023-11-11 20:42:52,991038
2-20_dots;test-2_pop25;25;10;1;10;10;25;427,6846;441,98;0,874807596206665;0,9401769638061523;2023-11-11 21:04:35,276597
2-20_dots;test-2_pop25;25;50;1;10;10;134;382,2802;387,22;5,128667593002319;3,792353868484497;2023-11-11 21:18:21,347525
2-20_dots;test-2_pop25;25;100;1;10;10;179;382,2802;387,43;6,209744691848755;3,1161916255950928;2023-11-11 21:19:23,549519
2-20_dots;test-2_pop25;25;500;1;10;10;598;382,2802;387,37;20,985034227371216;3,6392390727996826;2023-11-11 21:21:25,321656
2-20_dots;test-2_pop25;25;100;1;10;10;239;382,2802;387,66;8,638020515441895;5,597854137420654;2023-11-11 21:24:45,194711
2-20_dots;test-2_pop25;25;50;1;10;10;128;382,2802;388,34;4,930877685546875;3,394423246383667;2023-11-11 21:39:38,211902
2-20_dots;test-2_pop25;25;150;1;10;10;260;414,7254;418,46;9,328389406204224;4,747852563858032;2023-11-11 21:40:16,174559
2-20_dots;test-2_pop25;25;350;1;10;10;416;382,2802;387,83;13,9951753616333;2,6177971363067627;2023-11-11 21:41:22,483110
2-20_dots;test-2_pop25;25;450;1;10;10;650;382,2802;386,87;22,263717651367188;7,446645021438599;2023-11-11 21:42:52,292733
2-20_dots;test-2_pop25;25;600;1;10;10;767;382,2802;387,42;26,25455117225647;5,990390777587891;2023-11-11 21:44:53,574456
2-20_dots;test-2_pop30;30;10;1;10;10;12;422,3448;433,88;0,6274590492248535;0,5392823219299316;2023-11-11 21:04:45,634603
2-20_dots;test-2_pop30;25;350;1;30;10;394;382,2802;386,96;16,872248888015747;2,3537111282348633;2023-11-11 22:18:59,795039
2-20_dots;test-2_pop50;50;100;2;10;10;129;414,9102;424,4;8,030303239822388;2,2598440647125244;2023-11-11 20:44:17,577128
2-20_dots;test-2_pop50;25;350;1;50;10;432;382,2802;387,18;16,55116605758667;3,721942663192749;2023-11-11 21:55:34,765257
2-20_dots;test-2_pop75;75;100;3;10;10;181;406,7327;417,47;16,211007833480835;7,751812696456909;2023-11-11 20:47:11,057043
2-20_dots;test-2_pop99;25;350;1;99;10;509;382,2802;387,42;22,80441689491272;7,237651109695435;2023-11-11 22:02:28,562466
2-20_dots;test-3_pop10;25;350;1;10;10;602;382,2802;388,82;20,648809909820557;8,93274974822998;2023-11-11 21:52:58,772673
2-20_dots;test-3_pop10;25;350;1;10;10;459;382,2802;389,7;15,409866094589233;4,156854867935181;2023-11-11 22:26:52,049058
2-20_dots;test-3_pop100;100;100;5;10;10;183;393,3261;403,18;23,67656707763672;11,534349203109741;2023-11-11 20:52:08,501832
2-20_dots;test-3_pop20;20;100;1;10;10;225;382,2802;386,49;7,455237627029419;4,711228847503662;2023-11-11 21:02:02,888521
2-20_dots;test-3_pop20;20;10;1;10;10;19;439,6089;444,12;0,654916524887085;0,8359267711639404;2023-11-11 21:03:58,731137
2-20_dots;test-3_pop20;20;10;1;10;10;14;426,257;438,01;0,4597890377044678;0,5470292568206787;2023-11-11 21:04:25,458505
2-20_dots;test-3_pop20;25;350;1;20;10;524;382,2802;387,37;20,108890533447266;7,375009059906006;2023-11-11 22:14:27,319575
2-20_dots;test-3_pop25;25;100;1;10;10;179;382,2802;387,28;6,11906623840332;3,0512630939483643;2023-11-11 20:42:59,510017
2-20_dots;test-3_pop25;25;10;1;10;10;12;434,1631;443,9;0,41488218307495117;0,46883535385131836;2023-11-11 21:04:36,086073
2-20_dots;test-3_pop25;25;50;1;10;10;65;428,2621;435,1;2,5979084968566895;1,124103307723999;2023-11-11 21:18:24,435484
2-20_dots;test-3_pop25;25;100;1;10;10;137;428,2621;434,08;4,626854658126831;1,664015293121338;2023-11-11 21:19:28,578988
2-20_dots;test-3_pop25;25;500;1;10;10;748;382,2802;387,18;26,8608717918396;9,024388790130615;2023-11-11 21:21:52,584404
2-20_dots;test-3_pop25;25;100;1;10;10;220;382,2802;387,18;8,164749383926392;5,144997596740723;2023-11-11 21:24:53,771138
2-20_dots;test-3_pop25;25;50;1;10;10;128;382,2802;386,79;4,738037347793579;3,2684054374694824;2023-11-11 21:39:43,399608
2-20_dots;test-3_pop25;25;150;1;10;10;223;382,2802;389,14;7,80784797668457;2,9856343269348145;2023-11-11 21:40:24,398685
2-20_dots;test-3_pop25;25;350;1;10;10;471;382,2802;386,99;15,813373327255249;4,536866903305054;2023-11-11 21:41:38,694791
2-20_dots;test-3_pop25;25;450;1;10;10;552;382,2802;387,12;18,96179485321045;3,866438388824463;2023-11-11 21:43:11,633507
2-20_dots;test-3_pop25;25;600;1;10;10;909;382,2802;387,18;30,978389263153076;11,493695259094238;2023-11-11 21:45:24,954949
2-20_dots;test-3_pop30;30;10;1;10;10;26;408,8318;419,21;1,10595703125;1,086916208267212;2023-11-11 21:04:47,153685
2-20_dots;test-3_pop30;25;350;1;30;10;455;382,2802;386,96;18,459754467010498;4,544033765792847;2023-11-11 22:19:18,682802
2-20_dots;test-3_pop50;50;100;2;10;10;343;382,2802;391,42;21,03208065032959;15,4526948928833;2023-11-11 20:44:39,024863
2-20_dots;test-3_pop50;25;350;1;50;10;461;382,2802;386,92;17,492951154708862;4,615891695022583;2023-11-11 21:55:52,662935
2-20_dots;test-3_pop75;75;100;3;10;10;226;393,3261;406,73;20,33337926864624;11,642438173294067;2023-11-11 20:47:31,788943
2-20_dots;test-3_pop99;25;350;1;99;10;449;382,2802;386,79;20,103137254714966;4,737635612487793;2023-11-11 22:02:49,430903
2-20_dots;test-4_pop10;25;350;1;10;10;502;382,2802;388,39;17,00029754638672;5,596714496612549;2023-11-11 21:53:16,226948
2-20_dots;test-4_pop10;25;350;1;10;10;457;382,2802;387,33;17,599165201187134;4,763638734817505;2023-11-11 22:27:10,061138
2-20_dots;test-4_pop100;100;100;5;10;10;113;414,9102;427,5;15,615101337432861;2,090510606765747;2023-11-11 20:52:24,510116
2-20_dots;test-4_pop20;20;10;1;10;10;11;426,257;438,03;0,4401693344116211;0,5390443801879883;2023-11-11 21:03:59,661672
2-20_dots;test-4_pop20;20;10;1;10;10;47;393,3261;405,96;1,4575066566467285;1,5315630435943604;2023-11-11 21:04:27,306869
2-20_dots;test-4_pop20;25;350;1;20;10;411;382,2802;387,79;16,06477379798889;2,6961653232574463;2023-11-11 22:14:43,780175
2-20_dots;test-4_pop25;25;100;1;10;10;199;382,2802;387,42;6,956852674484253;3,886509656906128;2023-11-11 20:43:06,878878
2-20_dots;test-4_pop25;25;10;1;10;10;10;439,8229;444,98;0,3733396530151367;0;2023-11-11 21:04:36,843007
2-20_dots;test-4_pop25;25;50;1;10;10;115;411,2164;414,03;4,069843769073486;2,826338768005371;2023-11-11 21:18:28,992646
2-20_dots;test-4_pop25;25;100;1;10;10;268;382,2802;386,49;9,263712644577026;6,064197540283203;2023-11-11 21:19:38,248557
2-20_dots;test-4_pop25;25;500;1;10;10;853;382,2802;389,17;30,260493278503418;12,849807739257812;2023-11-11 21:22:23,258624
2-20_dots;test-4_pop25;25;100;1;10;10;175;382,2802;388,0;6,718626976013184;3,094295024871826;2023-11-11 21:25:00,895054
2-20_dots;test-4_pop25;25;50;1;10;10;58;428,2621;434,68;2,1272425651550293;0,6956608295440674;2023-11-11 21:39:45,931290
2-20_dots;test-4_pop25;25;150;1;10;10;156;428,2621;434,53;5,90339469909668;0,6727468967437744;2023-11-11 21:40:30,719326
2-20_dots;test-4_pop25;25;350;1;10;10;460;382,2802;387,23;15,25795316696167;3,9480535984039307;2023-11-11 21:41:54,327615
2-20_dots;test-4_pop25;25;450;1;10;10;589;382,2802;386,49;19,66595983505249;4,919240951538086;2023-11-11 21:43:31,687661
2-20_dots;test-4_pop25;25;600;1;10;10;684;382,2802;386,96;23,55756378173828;2,7437736988067627;2023-11-11 21:45:48,835693
2-20_dots;test-4_pop30;30;10;1;10;10;56;382,2802;396,46;2,3559160232543945;2,297011613845825;2023-11-11 21:04:49,905204
2-20_dots;test-4_pop30;25;350;1;30;10;555;382,2802;387,43;23,23216152191162;9,258256673812866;2023-11-11 22:19:42,325963
2-20_dots;test-4_pop50;50;100;2;10;10;237;382,2802;394,06;15,770244121551514;9,164893627166748;2023-11-11 20:44:55,222626
2-20_dots;test-4_pop50;25;350;1;50;10;454;382,2802;388,06;17,845600366592407;4,750576496124268;2023-11-11 21:56:10,903782
2-20_dots;test-4_pop75;75;100;3;10;10;333;387,4483;397,81;34,56966757774353;25,394270181655884;2023-11-11 20:48:06,777350
2-20_dots;test-4_pop99;25;350;1;99;10;666;382,2802;387,28;28,71512770652771;14,446569442749023;2023-11-11 22:03:18,907110
2-20_dots;test-5_pop10;25;350;1;10;10;563;382,2802;387,41;20,083683729171753;8,036255598068237;2023-11-11 21:53:36,705288
2-20_dots;test-5_pop100;100;100;5;10;10;205;406,7327;413,42;26,986818313598633;13,752921104431152;2023-11-11 20:52:51,892955
2-20_dots;test-5_pop20;20;10;1;10;10;27;407,1845;416,9;0,9026298522949219;0,9659237861633301;2023-11-11 21:04:28,615772
2-20_dots;test-5_pop20;25;350;1;20;10;406;382,2802;388,35;15,443101406097412;2,6687631607055664;2023-11-11 22:14:59,729792
2-20_dots;test-5_pop25;25;100;1;10;10;211;382,2802;389,62;7,4596474170684814;4,338656425476074;2023-11-11 20:43:14,759574
2-20_dots;test-5_pop25;25;10;1;10;10;21;428,2621;438,47;0,7090809345245361;0,7515449523925781;2023-11-11 21:04:37,946559
2-20_dots;test-5_pop25;25;50;1;10;10;210;382,2802;387,28;7,437612295150757;6,063938140869141;2023-11-11 21:18:36,899195
2-20_dots;test-5_pop25;25;100;1;10;10;165;428,2621;433,58;5,630840063095093;2,614682912826538;2023-11-11 21:19:44,286530
2-20_dots;test-5_pop25;25;500;1;10;10;632;382,2802;389,05;22,17337131500244;5,083289861679077;2023-11-11 21:22:45,848518
2-20_dots;test-5_pop25;25;100;1;10;10;193;382,2802;388,27;7,073288917541504;3,574084758758545;2023-11-11 21:25:08,377963
2-20_dots;test-5_pop30;30;10;1;10;10;35;406,7327;415,72;1,4579739570617676;1,4547312259674072;2023-11-11 21:04:51,771978
2-20_dots;test-5_pop30;25;350;1;30;10;404;382,2802;387,43;17,16608500480652;2,8201091289520264;2023-11-11 22:19:59,921092
2-20_dots;test-5_pop50;50;100;2;10;10;229;387,0301;397,35;15,004330158233643;8,900624990463257;2023-11-11 20:45:10,667318
2-20_dots;test-5_pop50;25;350;1;50;10;518;382,2802;388,24;19,243995904922485;6,577207088470459;2023-11-11 21:56:30,545811
2-20_dots;test-5_pop75;75;100;3;10;10;169;414,9102;424,52;16,64627480506897;7,086042881011963;2023-11-11 20:48:23,837148
2-20_dots;test-5_pop99;25;350;1;99;10;757;382,2802;387,75;32,487361669540405;17,921613693237305;2023-11-11 22:03:51,791113
2-20_dots;test-6_pop10;25;350;1;10;10;440;382,2802;387,18;14,704898834228516;3,4758927822113037;2023-11-11 21:53:51,809987
2-20_dots;test-6_pop100;100;100;5;10;10;278;387,0301;399,68;36,08015298843384;24,409387826919556;2023-11-11 20:53:28,392530
2-20_dots;test-6_pop20;20;10;1;10;10;19;428,2621;439,81;0,6277437210083008;0,7229743003845215;2023-11-11 21:04:29,669511
2-20_dots;test-6_pop20;25;350;1;20;10;446;382,2802;387,86;17,38601851463318;4,278222560882568;2023-11-11 22:15:17,510535
2-20_dots;test-6_pop25;25;100;1;10;10;175;411,2164;413,55;5,994280099868774;3,0201361179351807;2023-11-11 20:43:21,176892
2-20_dots;test-6_pop25;25;10;1;10;10;19;439,6089;447,04;0,6589972972869873;0,7113282680511475;2023-11-11 21:04:39,005275
2-20_dots;test-6_pop25;25;50;1;10;10;63;428,2621;436,71;2,2713239192962646;0,8720498085021973;2023-11-11 21:18:39,592524
2-20_dots;test-6_pop25;25;100;1;10;10;276;382,2802;388,44;10,06482720375061;6,697315216064453;2023-11-11 21:19:54,747780
2-20_dots;test-6_pop25;25;500;1;10;10;601;382,2802;386,76;23,117031574249268;3,512139081954956;2023-11-11 21:23:09,303297
2-20_dots;test-6_pop25;25;100;1;10;10;227;382,2802;387,18;7,852510452270508;4,810537576675415;2023-11-11 21:25:16,626698
2-20_dots;test-6_pop30;30;10;1;10;10;13;428,2621;438,3;0,5834591388702393;0,5298166275024414;2023-11-11 21:04:52,739730
2-20_dots;test-6_pop30;25;350;1;30;10;398;382,2802;387,23;16,874950647354126;2,3397514820098877;2023-11-11 22:20:17,186845
2-20_dots;test-6_pop50;50;100;2;10;10;105;428,2621;436,3;6,919392347335815;0,6958849430084229;2023-11-11 20:45:17,980359
2-20_dots;test-6_pop50;25;350;1;50;10;429;382,2802;386,49;13,832238912582397;2,9150235652923584;2023-11-11 21:56:44,711911
2-20_dots;test-6_pop75;75;100;3;10;10;467;387,4483;396,82;45,04442095756531;36,83237290382385;2023-11-11 20:49:09,717593
2-20_dots;test-6_pop99;25;350;1;99;10;490;382,2802;386,87;21,423888444900513;6,400777101516724;2023-11-11 22:04:13,608737
2-20_dots;test-7_pop10;25;350;1;10;10;597;382,2802;389,43;20,69433856010437;8,934903860092163;2023-11-11 21:54:12,891692
2-20_dots;test-7_pop100;100;100;5;10;10;262;387,0301;397,13;36,100680351257324;21,11668038368225;2023-11-11 20:54:04,887004
2-20_dots;test-7_pop20;20;10;1;10;10;10;439,8229;447,16;0,3568742275238037;0;2023-11-11 21:04:30,447170
2-20_dots;test-7_pop20;25;350;1;20;10;419;382,2802;386,87;16,56137442588806;3,1306703090667725;2023-11-11 22:15:34,487880
2-20_dots;test-7_pop25;25;100;1;10;10;121;428,2621;435,82;4,223978042602539;1,0792691707611084;2023-11-11 20:43:25,786921
2-20_dots;test-7_pop25;25;10;1;10;10;30;428,2621;435,45;1,0994691848754883;1,1300578117370605;2023-11-11 21:04:40,510078
2-20_dots;test-7_pop25;25;50;1;10;10;170;382,2802;388,46;6,168764352798462;4,621289491653442;2023-11-11 21:18:46,189502
2-20_dots;test-7_pop25;25;100;1;10;10;219;382,2802;387,37;7,596824884414673;4,594172239303589;2023-11-11 21:20:02,779325
2-20_dots;test-7_pop25;25;500;1;10;10;752;382,2802;387,39;26,740499258041382;9,949317693710327;2023-11-11 21:23:36,455857
2-20_dots;test-7_pop25;25;100;1;10;10;183;382,2802;388,2;6,485164403915405;3,2810044288635254;2023-11-11 21:25:23,504412
2-20_dots;test-7_pop30;30;10;1;10;10;47;405,8829;416,79;2,003323554992676;1,961681604385376;2023-11-11 21:04:55,140318
2-20_dots;test-7_pop30;25;350;1;30;10;506;382,2802;386,76;21,83271050453186;6,756330490112305;2023-11-11 22:20:39,430088
2-20_dots;test-7_pop50;50;100;2;10;10;253;382,2802;388,37;16,738590955734253;10,293458223342896;2023-11-11 20:45:35,131002
2-20_dots;test-7_pop50;25;350;1;50;10;521;382,2802;387,28;16,934595584869385;5,934609651565552;2023-11-11 21:57:01,979849
2-20_dots;test-7_pop75;75;100;3;10;10;320;382,2802;390,92;28,088019371032715;19,60900616645813;2023-11-11 20:49:38,206755
2-20_dots;test-7_pop99;25;350;1;99;10;464;382,2802;387,47;20,278831958770752;5,13541054725647;2023-11-11 22:04:34,307170
2-20_dots;test-8_pop10;25;350;1;10;10;401;382,2802;389,45;13,824556827545166;2,1002306938171387;2023-11-11 21:54:27,112903
2-20_dots;test-8_pop100;100;100;5;10;10;324;393,3261;403,84;42,649479150772095;30,720112800598145;2023-11-11 20:54:47,941686
2-20_dots;test-8_pop20;20;10;1;10;10;19;430,635;441,42;0,6635255813598633;0,7390701770782471;2023-11-11 21:04:31,543374
2-20_dots;test-8_pop20;25;350;1;20;10;420;382,2802;388,35;16,69746208190918;3,2164762020111084;2023-11-11 22:15:51,587032
2-20_dots;test-8_pop25;25;100;1;10;10;270;382,2802;390,06;9,404447078704834;6,424154996871948;2023-11-11 20:43:35,650326
2-20_dots;test-8_pop25;25;10;1;10;10;16;428,2621;437,82;0,5618703365325928;0,6166322231292725;2023-11-11 21:04:41,465448
2-20_dots;test-8_pop25;25;50;1;10;10;127;393,3261;401,47;5,158815383911133;3,439100503921509;2023-11-11 21:18:51,766392
2-20_dots;test-8_pop25;25;100;1;10;10;157;382,2802;389,41;5,2901318073272705;2,3024141788482666;2023-11-11 21:20:08,468567
2-20_dots;test-8_pop25;25;500;1;10;10;572;382,2802;387,37;20,25673222541809;3,0141661167144775;2023-11-11 21:23:57,119837
2-20_dots;test-8_pop25;25;100;1;10;10;182;382,2802;386,95;6,73471212387085;3,1657819747924805;2023-11-11 21:25:30,648521
2-20_dots;test-8_pop30;30;10;1;10;10;14;428,2621;441,76;0,6063110828399658;0,59261155128479;2023-11-11 21:04:56,158114
2-20_dots;test-8_pop30;25;350;1;30;10;413;382,2802;386,49;18,968824863433838;3,0596096515655518;2023-11-11 22:20:58,828149
2-20_dots;test-8_pop50;50;100;2;10;10;244;397,8127;404,51;15,86610460281372;10,012978553771973;2023-11-11 20:45:51,427951
2-20_dots;test-8_pop50;25;350;1;50;10;428;382,2802;386,49;13,971933841705322;2,867746114730835;2023-11-11 21:57:16,287626
2-20_dots;test-8_pop75;75;100;3;10;10;231;393,3261;402,93;22,616387128829956;12,57984209060669;2023-11-11 20:50:01,216732
2-20_dots;test-8_pop99;25;350;1;99;10;505;382,2802;386,49;22,40056800842285;7,093747854232788;2023-11-11 22:04:57,109654
2-20_dots;test-9_pop10;25;350;1;10;10;409;382,2802;387,7;13,731388807296753;2,410100221633911;2023-11-11 21:54:41,246687
2-20_dots;test-9_pop100;100;100;5;10;10;132;414,9102;425,37;16,619441032409668;4,474923849105835;2023-11-11 20:55:04,920490
2-20_dots;test-9_pop20;20;10;1;10;10;10;439,8229;451,86;0,3322603702545166;0;2023-11-11 21:04:32,289092
2-20_dots;test-9_pop20;25;350;1;20;10;450;382,2802;386,96;17,458348751068115;4,21027398109436;2023-11-11 22:16:09,436662
2-20_dots;test-9_pop25;25;100;1;10;10;157;382,2802;388,07;5,28533148765564;2,3610754013061523;2023-11-11 20:43:41,346104
2-20_dots;test-9_pop25;25;10;1;10;10;25;421,7203;433,38;0,897268533706665;0,9021413326263428;2023-11-11 21:04:42,761245
2-20_dots;test-9_pop25;25;50;1;10;10;120;382,2802;389,55;3,958848714828491;2,7959706783294678;2023-11-11 21:18:56,249403
2-20_dots;test-9_pop25;25;100;1;10;10;174;414,7254;417,83;6,084537982940674;3,0676417350769043;2023-11-11 21:20:14,944536
2-20_dots;test-9_pop25;25;500;1;10;10;670;382,2802;387,43;24,424951553344727;6,71796727180481;2023-11-11 21:24:21,928489
2-20_dots;test-9_pop25;25;100;1;10;10;215;382,2802;387,42;8,203185558319092;4,7687859535217285;2023-11-11 21:25:39,244430
2-20_dots;test-9_pop30;30;10;1;10;10;10;439,8229;449,94;0,4445672035217285;0;2023-11-11 21:04:56,994305
2-20_dots;test-9_pop30;25;350;1;30;10;553;382,2802;386,49;25,29985284805298;9,04366135597229;2023-11-11 22:21:24,538964
2-20_dots;test-9_pop50;50;100;2;10;10;312;382,2802;391,39;19,371258020401;13,39569878578186;2023-11-11 20:46:11,184852
2-20_dots;test-9_pop50;25;350;1;50;10;534;382,2802;386,49;17,700753927230835;6,594313383102417;2023-11-11 21:57:34,321286
2-20_dots;test-9_pop75;75;100;3;10;10;225;382,2802;391,4;22,000330448150635;12,789268016815186;2023-11-11 20:50:23,609673
2-20_dots;test-9_pop99;25;350;1;99;10;852;382,2802;386,49;37,753986120224;22,893925189971924;2023-11-11 22:05:35,267316
3-30_dots;test-0;25;350;1;10;10;425;471,0662;473,39;51,8397421836853;12,525734186172485;2023-11-27 21:33:02,182606
3-30_dots;test-1;25;350;1;10;10;457;471,0662;473,47;54,510536909103394;15,117777824401855;2023-11-27 21:33:58,898807
3-30_dots;test-2;25;350;1;10;10;425;471,0662;473,61;50,928637981414795;11,168705463409424;2023-11-27 21:34:51,940451
3-30_dots;test-3;25;350;1;10;10;744;492,7032;495,41;89,66211295127869;50,1048743724823;2023-11-27 21:36:23,820228
3-30_dots;test-4;25;350;1;10;10;515;471,0662;473,33;63,81658601760864;21,96526050567627;2023-11-27 21:37:29,775930
3-30_dots;test-5;25;350;1;10;10;700;503,808;505,8;88,09376168251038;46,93498396873474;2023-11-27 21:39:00,115457
3-30_dots;test-6;25;350;1;10;10;466;471,0662;473,58;55,582210540771484;17,373845100402832;2023-11-27 21:39:57,806427
3-30_dots;test-7;25;350;1;10;10;575;526,0405;527,94;73,04476404190063;30,87130379676819;2023-11-27 21:41:13,106724
3-30_dots;test-8;25;350;1;10;10;467;471,0662;473,42;60,65843653678894;17,736355781555176;2023-11-27 21:42:16,087275
3-30_dots;test-9;25;350;1;10;10;544;471,0662;473,22;70,27893710136414;27,4013352394104;2023-11-27 21:43:28,706348
4-40_dots;test-0;25;350;1;10;10;433;505,4554;509,69;26,58289122581482;6,606204271316528;2023-11-11 22:30:10,255061
4-40_dots;test-0;25;350;1;10;10;405;505,4554;509,69;66,39130997657776;13,138177394866943;2023-11-27 22:27:30,931441
4-40_dots;test-1;25;350;1;10;10;522;505,4554;509,69;32,7744255065918;12,421188592910767;2023-11-11 22:30:44,560824
4-40_dots;test-2;25;350;1;10;10;459;514,4888;517,88;28,52328586578369;8,460729122161865;2023-11-11 22:31:14,600430
4-40_dots;test-3;25;350;1;10;10;733;505,4554;509,69;45,365867376327515;25,058053493499756;2023-11-11 22:32:01,396616
4-40_dots;test-4;25;350;1;10;10;600;505,4554;509,52;38,33377528190613;16,811325073242188;2023-11-11 22:32:41,239741
4-40_dots;test-5;25;350;1;10;10;930;505,4554;509,48;59,90407681465149;38,88802456855774;2023-11-11 22:33:42,662935
4-40_dots;test-6;25;350;1;10;10;483;516,8263;518,93;32,41863512992859;10,61699390411377;2023-11-11 22:34:16,627507
4-40_dots;test-7;25;350;1;10;10;491;505,4554;509,69;30,055473804473877;10,20758581161499;2023-11-11 22:34:48,146820
4-40_dots;test-8;25;350;1;10;10;394;505,4554;509,69;25,74664807319641;3,7280242443084717;2023-11-11 22:35:15,165000
4-40_dots;test-9;25;350;1;10;10;422;505,4554;509,69;27,94158387184143;6,082795858383179;2023-11-11 22:35:44,611512
8-40_dots;test-0;25;350;1;10;10;436;602,5606;605,3;73,901371717453;19,400975942611694;2023-11-27 22:30:02,596379
8-40_dots;test-0;25;350;1;10;10;465;602,5606;606,17;76,09970831871033;24,200204133987427;2023-11-27 22:32:14,109852
8-40_dots;test-1;25;350;1;10;10;649;602,5606;605,68;106,4714903831482;53,19058609008789;2023-11-27 22:34:04,604784
